{
    "max": 4811.805543748172,
    "maxE": 192.75711786300505,
    "min": 0.0,
    "minE": 0.0
}