{
    "max": 10583.867086528899,
    "maxE": 192.76152666700395,
    "min": 0.0,
    "minE": 0.0
}