{
    "max": 4666.364968133546,
    "maxE": 189.95989056813548,
    "min": 0.0,
    "minE": 0.0
}