{
    "max": 2812.295906122331,
    "maxE": 190.89150814779993,
    "min": 0.0,
    "minE": 0.0
}