{
    "max": 2319.0627413130674,
    "maxE": 192.75752374447498,
    "min": 0.0,
    "minE": 0.0
}