{
    "max": 3104.7456975701143,
    "maxE": 182.50458919956404,
    "min": 0.0,
    "minE": 0.0
}