{
    "max": 13.077806528104322,
    "maxE": 192.75712284526537,
    "min": 0.0,
    "minE": 0.0
}