{
    "max": 18.761037312610227,
    "maxE": 192.75711490536452,
    "min": 0.0,
    "minE": 0.0
}