{
    "max": 2324.4557116515143,
    "maxE": 190.89708523931597,
    "min": 0.0,
    "minE": 0.0
}