{
    "max": 1340.7406392859248,
    "maxE": 191.82472287971683,
    "min": 0.0,
    "minE": 0.0
}