{
    "max": 13.601670395453812,
    "maxE": 192.75711407851927,
    "min": 0.0,
    "minE": 0.0
}