{
    "max": 1395.3957079138393,
    "maxE": 190.89169001445305,
    "min": 0.0,
    "minE": 0.0
}