{
    "max": 4138.876708485165,
    "maxE": 191.8260057691029,
    "min": 0.0,
    "minE": 0.0
}