{
    "max": 4465.255142772559,
    "maxE": 190.89141389131294,
    "min": 0.0,
    "minE": 0.0
}