{
    "max": 2987.5416220701286,
    "maxE": 190.89124599533815,
    "min": 0.0,
    "minE": 0.0
}