{
    "max": 17.936931579831803,
    "maxE": 192.75711736790655,
    "min": 0.0,
    "minE": 0.0
}