{
    "max": 44.09936031354722,
    "maxE": 193.69034382109345,
    "min": 0.0,
    "minE": 0.0
}