{
    "max": 13.176662688779135,
    "maxE": 192.75711726619608,
    "min": 0.0,
    "minE": 0.0
}