{
    "max": 4545.710728466233,
    "maxE": 192.75711843230212,
    "min": 0.0,
    "minE": 0.0
}