{
    "max": 3096.9575423629885,
    "maxE": 192.7571130696119,
    "min": 0.0,
    "minE": 0.0
}